{"cameraMode":{"drawMode":0,"name":"Shaded","section":"Shading Mode"},"sceneLighting":false,"audioPlay":false,"sceneViewState":{"m_AlwaysRefresh":false,"showFog":true,"showSkybox":false,"showFlares":true,"showImageEffects":true,"showParticleSystems":true,"showVisualEffectGraphs":true,"m_FxEnabled":true},"in2DMode":false,"pivot":{"x":-0.1559252142906189,"y":0.4609294831752777,"z":0.33638429641723635},"rotation":{"x":-0.06925173103809357,"y":0.012562341056764126,"z":-0.0009487626957707107,"w":-0.9975633025169373},"size":0.9482557773590088,"orthographic":false}