{"cameraMode":{"drawMode":0,"name":"Shaded","section":"Shading Mode"},"sceneLighting":true,"audioPlay":false,"sceneViewState":{"m_AlwaysRefresh":false,"showFog":true,"showSkybox":true,"showFlares":true,"showImageEffects":true,"showParticleSystems":true,"showVisualEffectGraphs":true,"m_FxEnabled":true},"in2DMode":false,"pivot":{"x":936.0555419921875,"y":-10.679618835449219,"z":-126.77755737304688},"rotation":{"x":0.031808316707611087,"y":-0.0026690757367759945,"z":0.0007458225009031594,"w":0.9996492266654968},"size":193.49501037597657,"orthographic":false}