{"cameraMode":{"drawMode":0,"name":"Shaded","section":"Shading Mode"},"sceneLighting":false,"audioPlay":false,"sceneViewState":{"m_AlwaysRefresh":false,"showFog":true,"showSkybox":false,"showFlares":true,"showImageEffects":true,"showParticleSystems":true,"showVisualEffectGraphs":true,"m_FxEnabled":true},"in2DMode":false,"pivot":{"x":1086.8533935546875,"y":41.64570999145508,"z":665.3992919921875},"rotation":{"x":0.010189725086092949,"y":0.014097842387855053,"z":0.00007034054578980431,"w":-0.9998937845230103},"size":649.5321655273438,"orthographic":false}